id,c3,c2,c1
1,3.00,2.00,1.00
2,6.99999999999999,4.9999999999999,2.999999999999
3,9.00000000000000,6.0000000000000,3.000000000000
