id,c1,c2,c3
1,1.00,2.00,3.00
2,2.999999999999,4.9999999999999,6.99999999999999
3,3.000000000000,6.0000000000000,9.00000000000000
